{"cameraMode":{"drawMode":0,"name":"Shaded","section":"Shading Mode"},"sceneLighting":false,"audioPlay":false,"sceneViewState":{"showFog":true,"showMaterialUpdate":false,"showSkybox":false,"showFlares":true,"showImageEffects":true,"showParticleSystems":true},"in2DMode":false,"pivot":{"x":3.489999771118164,"y":0.20000000298023225,"z":1.9500000476837159},"rotation":{"x":-0.6263471841812134,"y":0.0004055232275277376,"z":-0.0004517844645306468,"w":-0.7796263694763184},"size":5.957537651062012,"orthographic":false}