{"cameraMode":{"drawMode":0,"name":"Shaded","section":"Shading Mode"},"sceneLighting":true,"audioPlay":false,"sceneViewState":{"showFog":true,"showMaterialUpdate":false,"showSkybox":true,"showFlares":true,"showImageEffects":true,"showParticleSystems":true},"in2DMode":false,"pivot":{"x":-0.7043288350105286,"y":0.5950164794921875,"z":-13.968412399291993},"rotation":{"x":-0.34388789534568789,"y":0.035743288695812228,"z":-0.01316747721284628,"w":-0.9382811188697815},"size":9.378180503845215,"orthographic":false}