{"cameraMode":{"drawMode":0,"name":"Shaded","section":"Shading Mode"},"sceneLighting":true,"audioPlay":false,"sceneViewState":{"showFog":true,"showMaterialUpdate":false,"showSkybox":true,"showFlares":true,"showImageEffects":true,"showParticleSystems":true},"in2DMode":false,"pivot":{"x":-13.923583984375,"y":18.66015625,"z":-14.060546875},"rotation":{"x":-0.5808599591255188,"y":0.011397305876016617,"z":-0.008300316520035267,"w":-0.8139679431915283},"size":31.388879776000978,"orthographic":true}