{"cameraMode":{"drawMode":0,"name":"Shaded","section":"Shading Mode"},"sceneLighting":true,"audioPlay":false,"sceneViewState":{"showFog":true,"showMaterialUpdate":false,"showSkybox":true,"showFlares":true,"showImageEffects":true,"showParticleSystems":true},"in2DMode":false,"pivot":{"x":-4.621246337890625,"y":12.63671875,"z":-26.4638671875},"rotation":{"x":-0.5624210834503174,"y":-0.00949722621589899,"z":0.006310010328888893,"w":-0.8268536329269409},"size":20.836172103881837,"orthographic":true}